{
  "manufacturer": "Ricoh",
  "model": "IM 430F",
  "deviceCategory": "printer",
  "supportedPaperSizes": [
    {
      "name": "Letter",
      "dimensions": "8.5x11",
      "supported": true,
      "defaultCapacity": 550
    },
    {
      "name": "Legal",
      "dimensions": "8.5x14",
      "supported": true,
      "defaultCapacity": 550
    },
    {
      "name": "A4",
      "dimensions": "210x297mm",
      "supported": true,
      "defaultCapacity": 550
    },
    {
      "name": "A5",
      "dimensions": "148x210mm",
      "supported": true,
      "defaultCapacity": 550
    },
    {
      "name": "A6",
      "dimensions": "105x148mm",
      "supported": true,
      "defaultCapacity": 550
    },
    {
      "name": "Custom",
      "dimensions": "2.36x5.0 to 8.5x14",
      "supported": true,
      "defaultCapacity": 100
    }
  ],
  "tonerCartridges": [
    {
      "type": "Black",
      "modelNumber": "IM 430F Black Toner",
      "capacity": 17400,
      "highCapacity": 17400,
      "yieldRate": 174
    }
  ],
  "additionalSpecs": {
    "isCustomSpec": false,
    "modelId": "ricoh_im_430f",
    "printSpeed": 43,
    "resolution": "1200x1200",
    "maxPaperCapacity": 2100,
    "memory": "2 GB",
    "storageCapacity": "320 GB HDD",
    "dimensions": "18.7x17.4x20.1",
    "weight": 67.24,
    "powerRequirements": "120V",
    "colorCapable": false,
    "functions": ["print", "copy", "scan", "fax"],
    "networkConnectivity": true,
    "wirelessCapability": true,
    "mobileSupport": ["AirPrint", "Mobile Print App"],
    "duplexPrinting": true,
    "duplexScanning": true,
    "documentFeeder": {
      "capacity": 100,
      "duplexCapable": true
    },
    "interfaceType": "10.1-inch touch panel",
    "typicalElectricityConsumption": "1.9 kWh/week"
  },
  "snmpCodes": {
    "connectionCodes": {
      "community": "public",
      "version": "2c",
      "port": 161
    },
    "tonerMetrics": {
      "black": {
        "nameOID": "1.3.6.1.2.1.43.11.1.1.6.1.1",
        "maxCapacityOID": "1.3.6.1.2.1.43.11.1.1.8.1.1",
        "levelOID": "1.3.6.1.2.1.43.11.1.1.9.1.1",
        "unitOID": "1.3.6.1.2.1.43.11.1.1.7.1.1"
      }
    },
    "printerMetrics": {
      "status": "1.3.6.1.2.1.25.3.5.1.1.1",
      "pageCount": "1.3.6.1.2.1.43.10.2.1.4.1.1",
      "serialNumber": "1.3.6.1.2.1.43.5.1.1.17.1",
      "errorMessages": "1.3.6.1.2.1.43.18.1.1.8.1.1",
      "paperJam": "1.3.6.1.2.1.25.3.5.1.2",
      "paperOut": "1.3.6.1.2.1.43.18.1.1.8.1"
    }
  }
}