{"assets/data/building_locations.json":["assets/data/building_locations.json"],"assets/data/printer_specs.json":["assets/data/printer_specs.json"],"assets/data/printers/HP 700.json":["assets/data/printers/HP 700.json"],"assets/data/printers/HP M681.json":["assets/data/printers/HP M681.json"],"assets/data/printers/HPT1300.json":["assets/data/printers/HPT1300.json"],"assets/data/printers/HPT1700.json":["assets/data/printers/HPT1700.json"],"assets/data/printers/HPZ5600.json":["assets/data/printers/HPZ5600.json"],"assets/data/printers/IM 430F.json":["assets/data/printers/IM 430F.json"],"assets/data/printers/IM C400.json":["assets/data/printers/IM C400.json"],"assets/data/printers/IMC400F.json":["assets/data/printers/IMC400F.json"],"assets/data/printers/LMX810.json":["assets/data/printers/LMX810.json"],"assets/data/printers/SP C840.json":["assets/data/printers/SP C840.json"],"assets/data/printers/bh300i.json":["assets/data/printers/bh300i.json"],"assets/data/printers/bh360i.json":["assets/data/printers/bh360i.json"],"assets/data/printers/bh550i.json":["assets/data/printers/bh550i.json"],"assets/data/printers/bhC300i.json":["assets/data/printers/bhC300i.json"],"assets/data/printers/bhC360i.json":["assets/data/printers/bhC360i.json"],"assets/data/printers/bhC550i.json":["assets/data/printers/bhC550i.json"],"assets/images/Logo.png":["assets/images/Logo.png"],"assets/images/buildings/4101-Beryl.jpg":["assets/images/buildings/4101-Beryl.jpg"],"assets/images/buildings/Building-111-Lampe-Drive.jpeg":["assets/images/buildings/Building-111-Lampe-Drive.jpeg"],"assets/images/buildings/Building-1528-Blue-Ridge.jpg":["assets/images/buildings/Building-1528-Blue-Ridge.jpg"],"assets/images/buildings/Building-1911.jpg":["assets/images/buildings/Building-1911.jpg"],"assets/images/buildings/Building-2526-Hillsborough.jpg":["assets/images/buildings/Building-2526-Hillsborough.jpg"],"assets/images/buildings/Building-3709-Hillsborough.jpg":["assets/images/buildings/Building-3709-Hillsborough.jpg"],"assets/images/buildings/Building-Administrative-services-I.jpg":["assets/images/buildings/Building-Administrative-services-I.jpg"],"assets/images/buildings/Building-Administrative-services-II.jpg":["assets/images/buildings/Building-Administrative-services-II.jpg"],"assets/images/buildings/Building-Administrative-services-III.jpg":["assets/images/buildings/Building-Administrative-services-III.jpg"],"assets/images/buildings/Building-Alliance-Center.jpg":["assets/images/buildings/Building-Alliance-Center.jpg"],"assets/images/buildings/Building-Arboretum.jpg":["assets/images/buildings/Building-Arboretum.jpg"],"assets/images/buildings/Building-Avent-Ferry-Residence-Hall.jpg":["assets/images/buildings/Building-Avent-Ferry-Residence-Hall.jpg"],"assets/images/buildings/Building-Avent-Ferry-Tech-Center.jpg":["assets/images/buildings/Building-Avent-Ferry-Tech-Center.jpg"],"assets/images/buildings/Building-BTEC.jpg":["assets/images/buildings/Building-BTEC.jpg"],"assets/images/buildings/Building-Biltmore.jpg":["assets/images/buildings/Building-Biltmore.jpg"],"assets/images/buildings/Building-Biological-Resources-Facility.jpg":["assets/images/buildings/Building-Biological-Resources-Facility.jpg"],"assets/images/buildings/Building-Biomedical-Partnership-Center.jpg":["assets/images/buildings/Building-Biomedical-Partnership-Center.jpg"],"assets/images/buildings/Building-Bostian.jpg":["assets/images/buildings/Building-Bostian.jpg"],"assets/images/buildings/Building-Bragaw-Residence-Hall.jpg":["assets/images/buildings/Building-Bragaw-Residence-Hall.jpg"],"assets/images/buildings/Building-Brooks.jpeg":["assets/images/buildings/Building-Brooks.jpeg"],"assets/images/buildings/Building-Broughton-Hall.jpg":["assets/images/buildings/Building-Broughton-Hall.jpg"],"assets/images/buildings/Building-Bureau-of-Mines.jpg":["assets/images/buildings/Building-Bureau-of-Mines.jpg"],"assets/images/buildings/Building-Burlington.jpg":["assets/images/buildings/Building-Burlington.jpg"],"assets/images/buildings/Building-Butler-Comm-Building.jpg":["assets/images/buildings/Building-Butler-Comm-Building.jpg"],"assets/images/buildings/Building-CVM-Research-Facility.jpg":["assets/images/buildings/Building-CVM-Research-Facility.jpg"],"assets/images/buildings/Building-Caldwell.jpeg":["assets/images/buildings/Building-Caldwell.jpeg"],"assets/images/buildings/Building-Carmichael-Recreation-Center.jpeg":["assets/images/buildings/Building-Carmichael-Recreation-Center.jpeg"],"assets/images/buildings/Building-Carter-Finley.jpg":["assets/images/buildings/Building-Carter-Finley.jpg"],"assets/images/buildings/Building-Case.jpg":["assets/images/buildings/Building-Case.jpg"],"assets/images/buildings/Building-Cates-Avenue-Steam-Plant.jpg":["assets/images/buildings/Building-Cates-Avenue-Steam-Plant.jpg"],"assets/images/buildings/Building-Centennial-Campus-Utility-Plant.jpg":["assets/images/buildings/Building-Centennial-Campus-Utility-Plant.jpg"],"assets/images/buildings/Building-Centennial-Campus.jpg":["assets/images/buildings/Building-Centennial-Campus.jpg"],"assets/images/buildings/Building-Center-for-Technology-and-Innovation.jpg":["assets/images/buildings/Building-Center-for-Technology-and-Innovation.jpg"],"assets/images/buildings/Building-ClarkLabs.jpg":["assets/images/buildings/Building-ClarkLabs.jpg"],"assets/images/buildings/Building-College-of-Textiles.jpg":["assets/images/buildings/Building-College-of-Textiles.jpg"],"assets/images/buildings/Building-Constructed-Facilities-Lab.jpg":["assets/images/buildings/Building-Constructed-Facilities-Lab.jpg"],"assets/images/buildings/Building-Cox.jpg":["assets/images/buildings/Building-Cox.jpg"],"assets/images/buildings/Building-Cumberland.jpg":["assets/images/buildings/Building-Cumberland.jpg"],"assets/images/buildings/Building-DH-Hill-library.jpg":["assets/images/buildings/Building-DH-Hill-library.jpg"],"assets/images/buildings/Building-Dabney-Hall.jpg":["assets/images/buildings/Building-Dabney-Hall.jpg"],"assets/images/buildings/Building-Dearstyne.jpg":["assets/images/buildings/Building-Dearstyne.jpg"],"assets/images/buildings/Building-Doak-Field.jpg":["assets/images/buildings/Building-Doak-Field.jpg"],"assets/images/buildings/Building-Dorothy-and-Roy-Park.jpg":["assets/images/buildings/Building-Dorothy-and-Roy-Park.jpg"],"assets/images/buildings/Building-ES-KING-Village.jpg":["assets/images/buildings/Building-ES-KING-Village.jpg"],"assets/images/buildings/Building-Engineeringbuilding-I.jpg":["assets/images/buildings/Building-Engineeringbuilding-I.jpg"],"assets/images/buildings/Building-Engineeringbuilding-II.jpg":["assets/images/buildings/Building-Engineeringbuilding-II.jpg"],"assets/images/buildings/Building-Engineeringbuilding-III.jpg":["assets/images/buildings/Building-Engineeringbuilding-III.jpg"],"assets/images/buildings/Building-Environmental-Health-and-Safety.jpg":["assets/images/buildings/Building-Environmental-Health-and-Safety.jpg"],"assets/images/buildings/Building-Erdhal.jpg":["assets/images/buildings/Building-Erdhal.jpg"],"assets/images/buildings/Building-Feed-mill.jpg":["assets/images/buildings/Building-Feed-mill.jpg"],"assets/images/buildings/Building-Fitts-Woolard-Hall.jpg":["assets/images/buildings/Building-Fitts-Woolard-Hall.jpg"],"assets/images/buildings/Building-Fountain-Dining.jpg":["assets/images/buildings/Building-Fountain-Dining.jpg"],"assets/images/buildings/Building-Fox.jpg":["assets/images/buildings/Building-Fox.jpg"],"assets/images/buildings/Building-Friday-Institute.jpg":["assets/images/buildings/Building-Friday-Institute.jpg"],"assets/images/buildings/Building-Gardner.jpg":["assets/images/buildings/Building-Gardner.jpg"],"assets/images/buildings/Building-Greek-Village.jpg":["assets/images/buildings/Building-Greek-Village.jpg"],"assets/images/buildings/Building-Greenhouse.jpg":["assets/images/buildings/Building-Greenhouse.jpg"],"assets/images/buildings/Building-Harris-Hall.jpg":["assets/images/buildings/Building-Harris-Hall.jpg"],"assets/images/buildings/Building-Hillsborough.jpg":["assets/images/buildings/Building-Hillsborough.jpg"],"assets/images/buildings/Building-Holladay-Hall.jpg":["assets/images/buildings/Building-Holladay-Hall.jpg"],"assets/images/buildings/Building-Holmes-Hall.jpg":["assets/images/buildings/Building-Holmes-Hall.jpg"],"assets/images/buildings/Building-Hunt-Library.jpg":["assets/images/buildings/Building-Hunt-Library.jpg"],"assets/images/buildings/Building-JordanHall.jpg":["assets/images/buildings/Building-JordanHall.jpg"],"assets/images/buildings/Building-Joyner.jpg":["assets/images/buildings/Building-Joyner.jpg"],"assets/images/buildings/Building-Kamphoefner.jpg":["assets/images/buildings/Building-Kamphoefner.jpg"],"assets/images/buildings/Building-Keystone.jpg":["assets/images/buildings/Building-Keystone.jpg"],"assets/images/buildings/Building-Kilgore.jpg":["assets/images/buildings/Building-Kilgore.jpg"],"assets/images/buildings/Building-Language-and-Computer-Labs.jpg":["assets/images/buildings/Building-Language-and-Computer-Labs.jpg"],"assets/images/buildings/Building-Leazar.jpg":["assets/images/buildings/Building-Leazar.jpg"],"assets/images/buildings/Building-Lee-Residence-Hall.jpg":["assets/images/buildings/Building-Lee-Residence-Hall.jpg"],"assets/images/buildings/Building-Libraries-Satellite-Shelving.jpg":["assets/images/buildings/Building-Libraries-Satellite-Shelving.jpg"],"assets/images/buildings/Building-Main-Vet-School.jpg":["assets/images/buildings/Building-Main-Vet-School.jpg"],"assets/images/buildings/Building-Mann.jpg":["assets/images/buildings/Building-Mann.jpg"],"assets/images/buildings/Building-Materials-Support-Warehouse.jpg":["assets/images/buildings/Building-Materials-Support-Warehouse.jpg"],"assets/images/buildings/Building-McKimmon.jpg":["assets/images/buildings/Building-McKimmon.jpg"],"assets/images/buildings/Building-Metcalf.jpg":["assets/images/buildings/Building-Metcalf.jpg"],"assets/images/buildings/Building-Monteith-Research-Center.jpg":["assets/images/buildings/Building-Monteith-Research-Center.jpg"],"assets/images/buildings/Building-Motor-Pool.jpg":["assets/images/buildings/Building-Motor-Pool.jpg"],"assets/images/buildings/Building-NCSU-Campus.jpg":["assets/images/buildings/Building-NCSU-Campus.jpg"],"assets/images/buildings/Building-Nelson.jpg":["assets/images/buildings/Building-Nelson.jpg"],"assets/images/buildings/Building-North-Residence-Hall.jpg":["assets/images/buildings/Building-North-Residence-Hall.jpg"],"assets/images/buildings/Building-Owen.jpg":["assets/images/buildings/Building-Owen.jpg"],"assets/images/buildings/Building-Page.jpg":["assets/images/buildings/Building-Page.jpg"],"assets/images/buildings/Building-ParkShops.jpg":["assets/images/buildings/Building-ParkShops.jpg"],"assets/images/buildings/Building-Partners-Building-I.jpg":["assets/images/buildings/Building-Partners-Building-I.jpg"],"assets/images/buildings/Building-Partners-Building-II.jpg":["assets/images/buildings/Building-Partners-Building-II.jpg"],"assets/images/buildings/Building-Partners-Building-III.jpg":["assets/images/buildings/Building-Partners-Building-III.jpg"],"assets/images/buildings/Building-Patterson.jpg":["assets/images/buildings/Building-Patterson.jpg"],"assets/images/buildings/Building-Peele-Hall.jpg":["assets/images/buildings/Building-Peele-Hall.jpg"],"assets/images/buildings/Building-Plant-Sciences.jpg":["assets/images/buildings/Building-Plant-Sciences.jpg"],"assets/images/buildings/Building-Poe.jpg":["assets/images/buildings/Building-Poe.jpg"],"assets/images/buildings/Building-Polk-Hall.jpg":["assets/images/buildings/Building-Polk-Hall.jpg"],"assets/images/buildings/Building-Poulton-Innovation-Center.jpg":["assets/images/buildings/Building-Poulton-Innovation-Center.jpg"],"assets/images/buildings/Building-Price-Music-Center.jpg":["assets/images/buildings/Building-Price-Music-Center.jpg"],"assets/images/buildings/Building-Primrose-Hall.jpg":["assets/images/buildings/Building-Primrose-Hall.jpg"],"assets/images/buildings/Building-Public-Safety.jpg":["assets/images/buildings/Building-Public-Safety.jpg"],"assets/images/buildings/Building-Pullen.jpg":["assets/images/buildings/Building-Pullen.jpg"],"assets/images/buildings/Building-Pulp.jpg":["assets/images/buildings/Building-Pulp.jpg"],"assets/images/buildings/Building-Pylon.jpg":["assets/images/buildings/Building-Pylon.jpg"],"assets/images/buildings/Building-Quad-Commons.jpg":["assets/images/buildings/Building-Quad-Commons.jpg"],"assets/images/buildings/Building-Research-Annex-West-A.jpg":["assets/images/buildings/Building-Research-Annex-West-A.jpg"],"assets/images/buildings/Building-Research-I.jpg":["assets/images/buildings/Building-Research-I.jpg"],"assets/images/buildings/Building-Research-II.jpg":["assets/images/buildings/Building-Research-II.jpg"],"assets/images/buildings/Building-Research-III.jpg":["assets/images/buildings/Building-Research-III.jpg"],"assets/images/buildings/Building-Research-IV.jpg":["assets/images/buildings/Building-Research-IV.jpg"],"assets/images/buildings/Building-Reynolds-Coliseum.jpg":["assets/images/buildings/Building-Reynolds-Coliseum.jpg"],"assets/images/buildings/Building-Ricks.jpg":["assets/images/buildings/Building-Ricks.jpg"],"assets/images/buildings/Building-Riddick.jpg":["assets/images/buildings/Building-Riddick.jpg"],"assets/images/buildings/Building-SAS.jpg":["assets/images/buildings/Building-SAS.jpg"],"assets/images/buildings/Building-Schaub.jpg":["assets/images/buildings/Building-Schaub.jpg"],"assets/images/buildings/Building-Scott.jpg":["assets/images/buildings/Building-Scott.jpg"],"assets/images/buildings/Building-Shop-Operations.jpg":["assets/images/buildings/Building-Shop-Operations.jpg"],"assets/images/buildings/Building-Structural-Pest-Training.jpg":["assets/images/buildings/Building-Structural-Pest-Training.jpg"],"assets/images/buildings/Building-Student-Health-Services.jpg":["assets/images/buildings/Building-Student-Health-Services.jpg"],"assets/images/buildings/Building-Sullivan-Residence-Hall.jpg":["assets/images/buildings/Building-Sullivan-Residence-Hall.jpg"],"assets/images/buildings/Building-Sullivan-Shops-I.jpg":["assets/images/buildings/Building-Sullivan-Shops-I.jpg"],"assets/images/buildings/Building-Sullivan-Shops-II.jpg":["assets/images/buildings/Building-Sullivan-Shops-II.jpg"],"assets/images/buildings/Building-Sullivan-Shops-III.jpg":["assets/images/buildings/Building-Sullivan-Shops-III.jpg"],"assets/images/buildings/Building-Swine.jpg":["assets/images/buildings/Building-Swine.jpg"],"assets/images/buildings/Building-Talley.jpg":["assets/images/buildings/Building-Talley.jpg"],"assets/images/buildings/Building-Terry.jpg":["assets/images/buildings/Building-Terry.jpg"],"assets/images/buildings/Building-Textiles-Complex.jpg":["assets/images/buildings/Building-Textiles-Complex.jpg"],"assets/images/buildings/Building-Thomas-Hall.jpg":["assets/images/buildings/Building-Thomas-Hall.jpg"],"assets/images/buildings/Building-Thompson-Hall.jpg":["assets/images/buildings/Building-Thompson-Hall.jpg"],"assets/images/buildings/Building-Tompkins.jpg":["assets/images/buildings/Building-Tompkins.jpg"],"assets/images/buildings/Building-Toxicology.jpg":["assets/images/buildings/Building-Toxicology.jpg"],"assets/images/buildings/Building-Tucker.jpg":["assets/images/buildings/Building-Tucker.jpg"],"assets/images/buildings/Building-Turlington.jpg":["assets/images/buildings/Building-Turlington.jpg"],"assets/images/buildings/Building-Turner-House.jpg":["assets/images/buildings/Building-Turner-House.jpg"],"assets/images/buildings/Building-USDA-Facility.jpg":["assets/images/buildings/Building-USDA-Facility.jpg"],"assets/images/buildings/Building-University-Towers.jpg":["assets/images/buildings/Building-University-Towers.jpg"],"assets/images/buildings/Building-Varsity-research.jpg":["assets/images/buildings/Building-Varsity-research.jpg"],"assets/images/buildings/Building-Venture-Center-I.jpg":["assets/images/buildings/Building-Venture-Center-I.jpg"],"assets/images/buildings/Building-Venture-I.jpg":["assets/images/buildings/Building-Venture-I.jpg"],"assets/images/buildings/Building-Venture-II.jpg":["assets/images/buildings/Building-Venture-II.jpg"],"assets/images/buildings/Building-Venture-III.jpg":["assets/images/buildings/Building-Venture-III.jpg"],"assets/images/buildings/Building-Venture-IV.jpg":["assets/images/buildings/Building-Venture-IV.jpg"],"assets/images/buildings/Building-Weaver-Labs.jpg":["assets/images/buildings/Building-Weaver-Labs.jpg"],"assets/images/buildings/Building-Weisiger-Brown.jpg":["assets/images/buildings/Building-Weisiger-Brown.jpg"],"assets/images/buildings/Building-Wendell-Murphy.jpg":["assets/images/buildings/Building-Wendell-Murphy.jpg"],"assets/images/buildings/Building-West-Dunn.jpg":["assets/images/buildings/Building-West-Dunn.jpg"],"assets/images/buildings/Building-Western-Blvd-Business-Center.jpg":["assets/images/buildings/Building-Western-Blvd-Business-Center.jpg"],"assets/images/buildings/Building-Western-Manor_apartments.jpg":["assets/images/buildings/Building-Western-Manor_apartments.jpg"],"assets/images/buildings/Building-Williams.jpg":["assets/images/buildings/Building-Williams.jpg"],"assets/images/buildings/Building-Winslow-Hall.jpg":["assets/images/buildings/Building-Winslow-Hall.jpg"],"assets/images/buildings/Building-Winston.jpg":["assets/images/buildings/Building-Winston.jpg"],"assets/images/buildings/Building-Withers-Hall.jpg":["assets/images/buildings/Building-Withers-Hall.jpg"],"assets/images/buildings/Building-Witherspoon-Student-Center.jpg":["assets/images/buildings/Building-Witherspoon-Student-Center.jpg"],"assets/images/buildings/Building-Wolf-Ridge.jpg":["assets/images/buildings/Building-Wolf-Ridge.jpg"],"assets/images/buildings/Building-Wolf-Village.jpg":["assets/images/buildings/Building-Wolf-Village.jpg"],"assets/images/buildings/Building-Wood-Residence-Halls.jpg":["assets/images/buildings/Building-Wood-Residence-Halls.jpg"],"assets/images/buildings/Building-Woodson-Hall.jpg":["assets/images/buildings/Building-Woodson-Hall.jpg"],"assets/images/buildings/Building-Yarbrough-Drive-Steam-Plant.jpg":["assets/images/buildings/Building-Yarbrough-Drive-Steam-Plant.jpg"],"assets/images/buildings/Building-carol-johnson-poole.jpg":["assets/images/buildings/Building-carol-johnson-poole.jpg"],"assets/images/buildings/Building-gregg-museum.jpg":["assets/images/buildings/Building-gregg-museum.jpg"],"assets/images/buildings/Building-spring-hill-house.jpg":["assets/images/buildings/Building-spring-hill-house.jpg"],"assets/images/buildings/default_building.png":["assets/images/buildings/default_building.png"],"assets/images/icon.ico":["assets/images/icon.ico"],"assets/images/icon.png":["assets/images/icon.png"],"assets/images/logo.png":["assets/images/logo.png"],"assets/images/printers/Lexmark_LMX810.png":["assets/images/printers/Lexmark_LMX810.png"],"assets/images/printers/bizhub_c300i.png":["assets/images/printers/bizhub_c300i.png"],"assets/images/printers/bizhub_c360i.png":["assets/images/printers/bizhub_c360i.png"],"assets/images/printers/bizhub_c550i.png":["assets/images/printers/bizhub_c550i.png"],"assets/images/printers/bizhub_c650i.png":["assets/images/printers/bizhub_c650i.png"],"assets/images/printers/default_printer.png":["assets/images/printers/default_printer.png"],"assets/images/printers/hp_700.png":["assets/images/printers/hp_700.png"],"assets/images/printers/hp_Laserjet-m681.png":["assets/images/printers/hp_Laserjet-m681.png"],"assets/images/printers/hp_T1300.png":["assets/images/printers/hp_T1300.png"],"assets/images/printers/hp_T1700.png":["assets/images/printers/hp_T1700.png"],"assets/images/printers/hp_Z5600.png":["assets/images/printers/hp_Z5600.png"],"assets/images/printers/ricoh_IM-C400F.png":["assets/images/printers/ricoh_IM-C400F.png"],"assets/images/printers/ricoh_SP-C840DN.png":["assets/images/printers/ricoh_SP-C840DN.png"],"assets/images/printers/ricoh_im-430F.png":["assets/images/printers/ricoh_im-430F.png"],"packages/cupertino_icons/assets/CupertinoIcons.ttf":["packages/cupertino_icons/assets/CupertinoIcons.ttf"],"packages/flutter_map/lib/assets/flutter_map_logo.png":["packages/flutter_map/lib/assets/flutter_map_logo.png"]}