[{"name":"NCSU Main Campus","latitude":35.78536,"longitude":-78.67157},{"name":"Hunt Library","latitude":35.77012,"longitude":-78.67779},{"name":"D.H. Hill Library","latitude":35.78728,"longitude":-78.66975},{"name":"Talley Student Union","latitude":35.78315,"longitude":-78.674},{"name":"Engineering Building I","latitude":35.77129,"longitude":-78.67431},{"name":"James B. Hunt Jr. Library","latitude":35.77025,"longitude":-78.67756},{"name":"111 LAMPE DRIVE","latitude":35.785848,"longitude":-78.667847},{"name":"1911 BLDG","latitude":35.78654725868207,"longitude":-78.66731061953959},{"name":"2526 HILLSBOROUGH STREET","latitude":35.788350791404525,"longitude":-78.66926314521722},{"name":"3709 HILLSBOROUGH STREET","latitude":35.793587334219325,"longitude":-78.68628654275605},{"name":"AVENT FERRY TECHNOLOGY CENTER","latitude":35.77903885557623,"longitude":-78.6777725444951},{"name":"BRAGAW RESIDENCE HALL","latitude":35.785646790184025,"longitude":-78.67640099766687},{"name":"BROUGHTON HALL","latitude":35.78530626989457,"longitude":-78.66986153281294},{"name":"BURLINGTON NUC LABS","latitude":35.786001910137685,"longitude":-78.66895067079403},{"name":"CALDWELL HALL","latitude":35.78682238719179,"longitude":-78.66576408968834},{"name":"CARMICHAEL GYM","latitude":35.78314437613372,"longitude":-78.67206602505897},{"name":"CARMICHAEL RECREATION CENTER","latitude":35.7827,"longitude":-78.6715},{"name":"CASE ACADEMIC CENTER","latitude":35.782827022849766,"longitude":-78.66958187726932},{"name":"CATES AVE STEAM PLANT","latitude":35.78406785093322,"longitude":-78.67441471672542},{"name":"CLARK HALL","latitude":35.78213787908345,"longitude":-78.66685349359756},{"name":"DH HILL LIBRARY","latitude":35.787508457722666,"longitude":-78.67018720006945},{"name":"ES KING VILLAGE","latitude":35.78757527044675,"longitude":-78.68857169466216},{"name":"ES KING VILLAGE COMMONS","latitude":35.784,"longitude":-78.6745},{"name":"FOUNTAIN DINING HALL","latitude":35.785381021819894,"longitude":-78.67764832012703},{"name":"FRANK THOMPSON HALL","latitude":35.78277846124639,"longitude":-78.6669091140236},{"name":"GREGG MUSEUM OF ART & DESIGN","latitude":35.784920961399344,"longitude":-78.66162011744629},{"name":"HARRIS HALL","latitude":35.785649105706206,"longitude":-78.67443847235965},{"name":"HILLSBOROUGH BLDG","latitude":35.788636183721344,"longitude":-78.6705438124485},{"name":"HOLLADAY HALL","latitude":35.78547913264992,"longitude":-78.66401824236343},{"name":"HOLMES HALL","latitude":35.78435269505231,"longitude":-78.67408742441746},{"name":"LANGUAGE AND COMPUTER LABS","latitude":35.78489550032861,"longitude":-78.66757000689073},{"name":"LEE RESIDENCE HALL","latitude":35.78612195334325,"longitude":-78.67781493576045},{"name":"METCALF RESIDENCE HALL","latitude":35.7854903945065,"longitude":-78.67315004675353},{"name":"OWEN RESIDENCE HALL","latitude":35.788000000000004,"longitude":-78.67099999999999},{"name":"PATTERSON HALL","latitude":35.78707526130898,"longitude":-78.66848148469191},{"name":"PEELE HALL","latitude":35.78583185897606,"longitude":-78.66458674806577},{"name":"PRIMROSE HALL","latitude":35.786451068195596,"longitude":-78.66444049505104},{"name":"PULLEN HALL","latitude":35.78571674280786,"longitude":-78.67484229086773},{"name":"QUAD COMMONS","latitude":35.782788495453346,"longitude":-78.6660426175069},{"name":"REYNOLDS COLISEUM","latitude":35.783531380244455,"longitude":-78.66992157077793},{"name":"RICKS HALL","latitude":35.78707281207989,"longitude":-78.66770184698716},{"name":"RICKS HALL ADDITION","latitude":35.786999072224546,"longitude":-78.66748665660702},{"name":"SAS HALL-formerly Math and Sta","latitude":35.784841892975884,"longitude":-78.66661175563331},{"name":"STUDENT HEALTH SERVICES CENTER","latitude":35.78463824608822,"longitude":-78.67523840314021},{"name":"SULLIVAN RESIDENCE HALL","latitude":35.786884102906704,"longitude":-78.67728594912977},{"name":"TOMPKINS HALL","latitude":35.78667640878145,"longitude":-78.66518712373318},{"name":"TURNER HOUSE","latitude":35.7898317787821,"longitude":-78.67554949751143},{"name":"WEST DUNN BLDG","latitude":35.78613315126048,"longitude":-78.67538318836708},{"name":"WINSLOW HALL","latitude":35.784962776143296,"longitude":-78.66412431113604},{"name":"WINSTON HALL","latitude":35.786976628724204,"longitude":-78.66635955884874},{"name":"WITHERS HALL","latitude":35.786348992201205,"longitude":-78.66786932437243},{"name":"WITHERSPOON STUDENT CENTER","latitude":35.785136708035814,"longitude":-78.67449562687447},{"name":"YARBROUGH DR STEAM PLANT","latitude":35.784278001196355,"longitude":-78.66726785729996},{"name":"Polk Hall","latitude":35.78619065736306,"longitude":-78.67014537603694},{"name":"LEAZAR HALL","latitude":35.78540618956627,"longitude":-78.66556131826685},{"name":"PAGE HALL","latitude":35.785917354334096,"longitude":-78.66697022131643},{"name":"MANN HALL","latitude":35.785266065357675,"longitude":-78.66918413560283},{"name":"WOODSON HALL","latitude":35.78660979908517,"longitude":-78.67076244530966},{"name":"WILLIAMS HALL","latitude":35.78661947028786,"longitude":-78.67147810782863},{"name":"THOMAS HALL","latitude":35.78649243339585,"longitude":-78.6726735451643},{"name":"SCOTT HALL","latitude":35.78811736475858,"longitude":-78.67187993834592},{"name":"Kamphoefner Hall","latitude":35.78466455514239,"longitude":-78.66555037636704},{"name":"BROOKS HALL","latitude":35.784472641635524,"longitude":-78.6648277161054},{"name":"VENTURE I","latitude":35.77186990672042,"longitude":-78.67797554590405},{"name":"VENTURE II","latitude":35.77279672080318,"longitude":-78.67780614950661},{"name":"VENTURE III","latitude":35.77342456785882,"longitude":-78.6776497376277},{"name":"VENTURE IV","latitude":35.77386675939049,"longitude":-78.67863451763004},{"name":"Center for Technology and Innovation","latitude":35.771076820500916,"longitude":-78.67818887518652},{"name":"Alliance Center","latitude":35.77280364472177,"longitude":-78.67686402184687},{"name":"Textiles Complex","latitude":35.77031947820541,"longitude":-78.6783641256143},{"name":"Monteith Engineering Research Center (MRC)","latitude":35.769479010928094,"longitude":-78.67906899388714},{"name":"BTEC","latitude":35.772925842406146,"longitude":-78.6740214194423},{"name":"Plant Sciences Building","latitude":35.773847845330145,"longitude":-78.67317304060235},{"name":"Engineering Building II","latitude":35.77198831898397,"longitude":-78.67398170068874},{"name":"Engineering Building III","latitude":35.770800590240846,"longitude":-78.67389192680577},{"name":"ES King Village Commons","latitude":35.7875710325427,"longitude":-78.68856917076519},{"name":"ADMINISTRATIVE SERVICES I","latitude":35.78767424213851,"longitude":-78.6833199928953},{"name":"ADMINISTRATIVE SERVICES II","latitude":35.78706149141735,"longitude":-78.68229347164163},{"name":"ADMINISTRATIVE SERVICES III","latitude":35.78655495925588,"longitude":-78.68162426862739},{"name":"COLLEGE OF TEXTILES","latitude":35.77036475575979,"longitude":-78.67837555945076},{"name":"JAMES B HUNT Jr CENTENNIAL CAM","latitude":35.76933271639342,"longitude":-78.67644796787215},{"name":"BILTMORE HALL (AND ROBERTSON)","latitude":35.78215136896861,"longitude":-78.67724836826775},{"name":"CAROL JOHNSON POOLE CLUBHOUSE","latitude":35.760093042486766,"longitude":-78.67721909755184},{"name":"CENTEN.CAMPUS CENTRAL UTILITY","latitude":35.775542425217864,"longitude":-78.6735307737468},{"name":"CENTENNIAL CAMPUS LANDSCAPE SERVICES FAC","latitude":35.77375907497045,"longitude":-78.67157034292121},{"name":"CONSTRUCTED FACILITIES LAB","latitude":35.76874033865207,"longitude":-78.67957858650632},{"name":"DOROTHY AND ROY PARK ALUMNI CT","latitude":35.76279530580122,"longitude":-78.67951597298597},{"name":"ENGINEERING BUILDING I (EB1)","latitude":35.77161131585984,"longitude":-78.67506474921026},{"name":"ENGINEERING BUILDING II(EB2)","latitude":35.771954074293745,"longitude":-78.67398436935098},{"name":"ENGINEERING BUILDING III (EB3)","latitude":35.7708487484503,"longitude":-78.67380596529732},{"name":"FEED MILL EDUCATION UNIT","latitude":35.735676865728756,"longitude":-78.67497644416407},{"name":"FITTS-WOOLARD HALL","latitude":35.77062817830444,"longitude":-78.67585263049392},{"name":"FRIDAY INSTITUTE","latitude":35.758632634744494,"longitude":-78.68799778225097},{"name":"JORDAN HALL","latitude":35.78183940722902,"longitude":-78.67649990016942},{"name":"JORDAN HALL ADDITION","latitude":35.78160673140827,"longitude":-78.67582915729703},{"name":"JOYNER VISITOR CENTER","latitude":35.783963635916855,"longitude":-78.68464137213306},{"name":"Keystone Science Center","latitude":35.774212970620916,"longitude":-78.67732154942297},{"name":"MCKIMMON EXTEN ED CT","latitude":35.782737917123015,"longitude":-78.68521416038821},{"name":"MONTEITH ENGINEERING RES.CTR","latitude":35.76953270405875,"longitude":-78.67904079353832},{"name":"PARTNERS I","latitude":35.77051255702505,"longitude":-78.67734133545419},{"name":"PARTNERS II","latitude":35.775251134948505,"longitude":-78.67574383305471},{"name":"PARTNERS III","latitude":35.77400949952226,"longitude":-78.67578605133403},{"name":"PLANT SCIENCES BLDG","latitude":35.77386136702628,"longitude":-78.67320751453522},{"name":"POULTON INNOVATION CENTER","latitude":35.76939385968251,"longitude":-78.6776245409266},{"name":"PRICE MUSIC CENTER","latitude":35.78406825933835,"longitude":-78.67172581525335},{"name":"RESEARCH I","latitude":35.77098505621029,"longitude":-78.6806698937557},{"name":"RESEARCH II","latitude":35.770115837929225,"longitude":-78.68073502924706},{"name":"RESEARCH III","latitude":35.770671699455164,"longitude":-78.68112755215196},{"name":"RESEARCH IV","latitude":35.772218343364294,"longitude":-78.68057359587137},{"name":"SHOP OPERATIONS UFL 100 BUILDI","latitude":35.738335507228115,"longitude":-78.67591303310523},{"name":"SPRING HILL HOUSE","latitude":35.772650162145275,"longitude":-78.66680489468385},{"name":"STRUCTURAL PEST TRAINING FACIL","latitude":35.77383378539717,"longitude":-78.67858807207101},{"name":"SWINE BUILDING","latitude":35.72647355895377,"longitude":-78.68801764066517},{"name":"TALLEY STUDENT CENTER","latitude":35.78397770693368,"longitude":-78.67091252941715},{"name":"TOXICOLOGY BUILDING","latitude":35.774785359706414,"longitude":-78.67656316778972},{"name":"UFL HOUSE","latitude":35.72550460709491,"longitude":-78.67492724168903},{"name":"VARSITY RESEARCH BUILDING","latitude":35.776806491132305,"longitude":-78.6819001591682},{"name":"WEISIGER-BROWN ATH FAC","latitude":35.780631859435125,"longitude":-78.67076252659088},{"name":"WEISIGER-BROWN ADDITION","latitude":35.780424704343844,"longitude":-78.6703758593599},{"name":"WOLF RIDGE TOWER","latitude":35.770067663731865,"longitude":-78.67437911427044},{"name":"WOOD RESIDENCE HALL BLDG C","latitude":35.78061904693969,"longitude":-78.67262752573308},{"name":"CUMBERLAND BUILDING","latitude":35.835278555656785,"longitude":-78.66511905044871},{"name":"DEARSTYNE ENTOMOLOGY BLDG","latitude":35.78879775840852,"longitude":-78.6991645663453},{"name":"DS WEAVER LABS","latitude":35.78358780593431,"longitude":-78.67923856078244},{"name":"ENV HEALTH AND SAFETY CENTER","latitude":35.78558683089171,"longitude":-78.68276127347063},{"name":"GREENHOUSE UNIT 1 AT METHOD","latitude":35.787602602425146,"longitude":-78.69437701058544},{"name":"GREENHOUSE UNIT 3 AT METHOD","latitude":35.78845100284911,"longitude":-78.69464772636411},{"name":"MATERIALS SUPPORT WAREHOUSE","latitude":35.78859110401647,"longitude":-78.70025046621201},{"name":"NORTH RESIDENCE HALL","latitude":35.78730082872097,"longitude":-78.66477128366537},{"name":"PUBLIC SAFETY BUILDING","latitude":35.785555169627195,"longitude":-78.68205296283813},{"name":"RESEARCH ANNEX WEST A","latitude":35.788040746750426,"longitude":-78.6986428857896},{"name":"USDA FACILITY (NON NCSU BUILDI","latitude":35.788995249963136,"longitude":-78.69581177237164},{"name":"WEAVER ADMINISTRATION BLDG","latitude":35.78292792422215,"longitude":-78.67919820243841},{"name":"WESTERN MANOR APARTMENTS GH","latitude":35.77770232998892,"longitude":-78.6799671741521},{"name":"AVENT FERRY RESIDENCE HALL D","latitude":35.77946801467861,"longitude":-78.67717489645247},{"name":"AVENT FERRY RESIDENCE HALL E","latitude":35.77967010843583,"longitude":-78.67764085614311},{"name":"VENTURE CENTER I","latitude":35.77185170629362,"longitude":-78.678030126344},{"name":"VENTURE CENTER IV","latitude":35.773875452707706,"longitude":-78.67863846218606},{"name":"WESTERN BLVD BUSINESS SERVICES","latitude":35.78431133886079,"longitude":-78.6851846127255},{"name":"WESTERN MANOR APARTMENTS ABC","latitude":35.77672132575134,"longitude":-78.67975785483563},{"name":"1528 BLUE RIDGE ROAD(1500)","latitude":35.80209074947772,"longitude":-78.70559931074708},{"name":"4101 BERYL ROAD","latitude":35.79441230557978,"longitude":-78.6965774077763},{"name":"706 HILLSBOROUGH ST - BELK CENTER","latitude":35.78126193392745,"longitude":-78.6496612401368},{"name":"ARBORETUM-SUPPORT OFFICE BLDG","latitude":35.793600425472796,"longitude":-78.69934275897856},{"name":"BIOLOGICAL RESOURCES FACILITY","latitude":35.78700961528074,"longitude":-78.67297691325693},{"name":"BIOMEDICAL PARTNERSHIP CENTER - CVM","latitude":35.79569366239797,"longitude":-78.7053567457783},{"name":"BOSTIAN HALL","latitude":35.78747175523733,"longitude":-78.67178989817441},{"name":"BUREAU OF MINES","latitude":35.785637076389534,"longitude":-78.67091204445333},{"name":"BUTLER COMMUNICATIONS BLDG.","latitude":35.7841492720113,"longitude":-78.68133997226833},{"name":"CARTER FINLEY STAD - GATES","latitude":35.80141257907481,"longitude":-78.71855616654828},{"name":"COX HALL","latitude":35.78606200188104,"longitude":-78.67093816619162},{"name":"CVM RESEARCH BUILDING","latitude":35.79724155087334,"longitude":-78.70550612994933},{"name":"DABNEY HALL","latitude":35.786078983985604,"longitude":-78.67133404688788},{"name":"DAVID CLARK LABS","latitude":35.78743638630936,"longitude":-78.67416843585329},{"name":"DOAK FIELD-FIELD-HSE AND SEATS","latitude":35.78749801473825,"longitude":-78.68036948634615},{"name":"GARDNER HALL","latitude":35.787226414456136,"longitude":-78.67250655114046},{"name":"GREEK VILLAGE APARTMENTS","latitude":35.780321627103746,"longitude":-78.6810688785392},{"name":"KILGORE HALL","latitude":35.78825673967854,"longitude":-78.67285698658604},{"name":"MAIN VET SCHOOL","latitude":35.79854338190401,"longitude":-78.70413865639128},{"name":"MARYE ANNE FOX SCIENCE TCHG LB","latitude":35.78719809884866,"longitude":-78.67345389652714},{"name":"MOTOR POOL FACILITY","latitude":35.788900082060515,"longitude":-78.68316694277533},{"name":"NELSON HALL","latitude":35.78835794655987,"longitude":-78.6740190937012},{"name":"PARK SHOPS","latitude":35.785548655767954,"longitude":-78.66710338428474},{"name":"PYLON 10","latitude":35.79054358692966,"longitude":-78.70243438891133},{"name":"PYLON-ComTech 628-106 Hutton S","latitude":35.79055574448464,"longitude":-78.70310204917917},{"name":"RIDDICK  HALL","latitude":35.785057612123175,"longitude":-78.6683457502178},{"name":"SCHAUB FOOD SCIENCE BUILDING","latitude":35.78386125606581,"longitude":-78.67802875930784},{"name":"SULLIVAN SHOPS BUILDING I","latitude":35.78861911520836,"longitude":-78.68308262978209},{"name":"SULLIVAN SHOPS BUILDING II","latitude":35.78844518010415,"longitude":-78.68228809600092},{"name":"SULLIVAN SHOPS BUILDING III","latitude":35.789888099643704,"longitude":-78.68465886416524},{"name":"TERRY COMPANION VET MED CENTER","latitude":35.7969293765447,"longitude":-78.70401832002752},{"name":"TUCKER RESIDENCE HALL","latitude":35.78500316086253,"longitude":-78.67411273414618},{"name":"TURLINGTON RESIDENCE HALL","latitude":35.78470526966184,"longitude":-78.67251647918542},{"name":"UNIVERSITY TOWERS RESIDENCE HALL","latitude":35.788354134735286,"longitude":-78.67522671476436},{"name":"WENDELL H. MURPHY FOOTBALL CTR","latitude":35.79983483125213,"longitude":-78.71860062327781},{"name":"WOLF VILLAGE APARTMENTS BLDG D","latitude":35.78607063013841,"longitude":-78.68551565267417},{"name":"WOLF VILLAGE APARTMENTS BLDG G","latitude":35.78627628881273,"longitude":-78.6848070942889}]