{
  "manufacturer": "Lexmark",
  "model": "LMX810",
  "deviceCategory": "copier",
  "supportedPaperSizes": [
    {
      "name": "Letter",
      "dimensions": "8.5x11",
      "supported": true,
      "defaultCapacity": 550
    },
    {
      "name": "Legal",
      "dimensions": "8.5x14",
      "supported": true,
      "defaultCapacity": 550
    },
    {
      "name": "Statement",
      "dimensions": "5.5x8.5",
      "supported": true,
      "defaultCapacity": 550
    },
    {
      "name": "A4",
      "dimensions": "210x297mm",
      "supported": true,
      "defaultCapacity": 550
    },
    {
      "name": "A5",
      "dimensions": "148x210mm",
      "supported": true,
      "defaultCapacity": 550
    },
    {
      "name": "Executive",
      "dimensions": "7.25x10.5",
      "supported": true,
      "defaultCapacity": 550
    },
    {
      "name": "Folio",
      "dimensions": "8.5x13",
      "supported": true,
      "defaultCapacity": 550
    },
    {
      "name": "Oficio",
      "dimensions": "8.5x13.5",
      "supported": true,
      "defaultCapacity": 550
    },
    {
      "name": "Custom",
      "dimensions": "3.9x5.8 to 8.5x14",
      "supported": true,
      "defaultCapacity": 100
    }
  ],
  "tonerCartridges": [
    {
      "type": "Black",
      "modelNumber": "62D1000",
      "capacity": 6000,
      "highCapacity": 45000,
      "yieldRate": 60
    }
  ],
  "additionalSpecs": {
    "isCustomSpec": false,
    "modelId": "lexmark_mx810",
    "printSpeed": 52,
    "resolution": "1200x1200",
    "maxPaperCapacity": 2750,
    "memory": "1 GB",
    "storageCapacity": "160 GB HDD",
    "dimensions": "24.6x22.0x29.1",
    "weight": 99.2,
    "powerRequirements": "120V",
    "colorCapable": false,
    "functions": ["print", "copy", "scan", "fax"],
    "networkConnectivity": true,
    "wirelessCapability": false,
    "mobileSupport": ["AirPrint", "Lexmark Mobile Print"],
    "duplexPrinting": true,
    "duplexScanning": true,
    "documentFeeder": {
      "capacity": 150,
      "duplexCapable": true
    },
    "displayType": "10.2-inch touch screen"
  },
  "snmpCodes": {
    "connectionCodes": {
      "community": "public",
      "version": "2c",
      "port": 161
    },
    "tonerMetrics": {
      "black": {
        "nameOID": "1.3.6.1.2.1.43.11.1.1.6.1.1",
        "maxCapacityOID": "1.3.6.1.2.1.43.11.1.1.8.1.1",
        "levelOID": "1.3.6.1.2.1.43.11.1.1.9.1.1",
        "unitOID": "1.3.6.1.2.1.43.11.1.1.7.1.1"
      }
    },
    "printerMetrics": {
      "status": "1.3.6.1.2.1.25.3.5.1.1.1",
      "pageCount": "1.3.6.1.2.1.43.10.2.1.4.1.1",
      "serialNumber": "1.3.6.1.2.1.43.5.1.1.17.1",
      "errorMessages": "1.3.6.1.2.1.43.18.1.1.8.1.1",
      "paperJam": "1.3.6.1.2.1.25.3.5.1.2",
      "paperOut": "1.3.6.1.2.1.43.18.1.1.8.1"
    }
  }
}